numero,id_voie,lon,lat,appartement,valeur_locative
1,29082_b095,-4.018625,48.745231,1,0
4,29082_b095,-4.018627,48.745333,1,0
7,29082_b095,-4.018825,48.745505,1,0
8,29082_b095,-4.018216,48.745552,1,0
9,29082_b095,-4.018908,48.745615,1,0
10,29082_b095,-4.01874,48.745523,1,0
11,29082_b095,-4.019473,48.745492,1,0
12,29082_b095,-4.018814,48.745638,1,0
13,29082_b095,-4.019249,48.745844,1,0
15,29082_b095,-4.019523,48.745682,1,0
16,29082_b095,-4.019281,48.746173,1,0
18,29082_b095,-4.019174,48.746217,1,0
19,29082_b095,-4.019572,48.746226,1,0
20,29082_b095,-4.01947,48.746407,1,0
21,29082_b095,-4.019651,48.746472,1,0
22,29082_b095,-4.019235,48.746522,1,0
23,29082_b095,-4.019964,48.746271,1,0
25,29082_b095,-4.020169,48.746112,1,0
27,29082_b095,-4.020249,48.746055,1,0
29,29082_b095,-4.020296,48.746027,1,0
31,29082_b095,-4.020415,48.746004,1,0
1,29082_o66pug,-4.006685,48.74324,1,0
3,29082_o66pug,-4.006509,48.743362,1,0
5,29082_o66pug,-4.006231,48.743536,1,0
9,29082_o66pug,-4.006526,48.743247,1,0
11,29082_o66pug,-4.00654,48.7432,1,0
13,29082_o66pug,-4.006409,48.743164,1,0
15,29082_o66pug,-4.00626,48.743122,1,0
17,29082_o66pug,-4.006211,48.743095,1,0
19,29082_o66pug,-4.00612,48.743087,1,0
20,29082_o66pug,-4.005802,48.742916,1,0
21,29082_o66pug,-4.005981,48.74304,1,0
23,29082_o66pug,-4.005822,48.743001,1,0
25,29082_o66pug,-4.005434,48.74286,1,0
27,29082_o66pug,-4.005332,48.742848,1,0
2,29082_vubggj,-4.003207,48.742977,1,0
4,29082_vubggj,-4.003083,48.742804,1,0
10,29082_vubggj,-4.001892,48.743034,1,0
11,29082_vubggj,-4.001714,48.742843,1,0
13,29082_vubggj,-4.001616,48.742595,1,0
15,29082_vubggj,-4.001746,48.742512,1,0
17,29082_vubggj,-4.001876,48.742221,1,0
21,29082_vubggj,-4.001324,48.742117,1,0
23,29082_vubggj,-4.001081,48.742032,1,0
25,29082_vubggj,-4.000763,48.742107,1,0
27,29082_vubggj,-4.000407,48.742159,1,0
29,29082_vubggj,-4.000362,48.742156,1,0
31,29082_vubggj,-4.000192,48.742132,1,0
33,29082_vubggj,-4.000264,48.742076,1,0
35,29082_vubggj,-4.000572,48.742028,1,0
37,29082_vubggj,-4.001042,48.741913,1,0
41,29082_vubggj,-4.000942,48.741335,1,0
42,29082_vubggj,-4.000806,48.741142,1,0
43,29082_vubggj,-4.000634,48.741229,1,0
44,29082_vubggj,-4.000358,48.741065,1,0
45,29082_vubggj,-4.000383,48.741268,1,0
52,29082_vubggj,-3.998565,48.741676,1,0
53,29082_vubggj,-3.998757,48.741802,1,0
55,29082_vubggj,-3.998837,48.741936,1,0
57,29082_vubggj,-3.999034,48.74201,1,0
59,29082_vubggj,-3.998676,48.742069,1,0
2,29082_b009,-4.020702,48.742769,1,0
3,29082_b009,-4.021131,48.742864,1,0
4,29082_b009,-4.02057,48.742901,1,0
6,29082_b009,-4.020797,48.742921,1,0
8,29082_b009,-4.021127,48.742968,1,0
10,29082_b009,-4.021173,48.743111,1,0
12,29082_b009,-4.021219,48.743051,1,0
14,29082_b009,-4.021284,48.743012,1,0
18,29082_b009,-4.021735,48.74287,1,0
1,29082_b010,-4.005078,48.742874,1,0
3,29082_b010,-4.00509,48.742963,1,0
5,29082_b010,-4.005032,48.742961,1,0
7,29082_b010,-4.004765,48.743207,1,0
8,29082_b010,-4.004599,48.743145,1,0
9,29082_b010,-4.004742,48.743227,2,0
12,29082_b010,-4.004222,48.743432,1,0
13,29082_b010,-4.004884,48.743475,1,0
14,29082_b010,-4.003865,48.743529,1,0
15,29082_b010,-4.004767,48.743482,1,0
16,29082_b010,-4.003471,48.743626,1,0
17,29082_b010,-4.004622,48.743448,2,0
18,29082_b010,-4.003537,48.743458,1,0
19,29082_b010,-4.004041,48.743682,1,0
20,29082_b010,-4.00362,48.743027,1,0
21,29082_b010,-4.003472,48.743829,1,0
24,29082_b010,-4.003307,48.743073,1,0
25,29082_b010,-4.003399,48.744257,1,0
28,29082_b010,-4.00337,48.743743,1,0
29,29082_b010,-4.003453,48.744527,1,0
36,29082_b010,-4.001815,48.744527,1,0
1,29082_z0j8ab,-4.013065,48.745198,1,0
2,29082_z0j8ab,-4.013248,48.74542,1,0
3,29082_z0j8ab,-4.013104,48.745292,1,0
4,29082_z0j8ab,-4.013428,48.745359,1,0
5,29082_z0j8ab,-4.01331,48.745291,1,0
6,29082_z0j8ab,-4.013696,48.745352,1,0
7,29082_z0j8ab,-4.013568,48.745286,1,0
8,29082_z0j8ab,-4.013388,48.745467,1,0
9,29082_z0j8ab,-4.013613,48.745277,1,0
11,29082_z0j8ab,-4.0138,48.745285,1,0
12,29082_z0j8ab,-4.013128,48.74568,1,0
13,29082_z0j8ab,-4.013892,48.745595,1,0
14,29082_z0j8ab,-4.013039,48.745723,1,0
15,29082_z0j8ab,-4.013992,48.745708,1,0
16,29082_z0j8ab,-4.012933,48.745757,1,0
17,29082_z0j8ab,-4.013861,48.745643,1,0
19,29082_z0j8ab,-4.013653,48.745485,1,0
20,29082_z0j8ab,-4.012874,48.745885,1,0
21,29082_z0j8ab,-4.013553,48.745542,1,0
22,29082_z0j8ab,-4.012821,48.746161,1,0
23,29082_z0j8ab,-4.013378,48.745665,1,0
25,29082_z0j8ab,-4.012975,48.745889,1,0
27,29082_z0j8ab,-4.01305,48.746014,1,0
31,29082_z0j8ab,-4.01295,48.746205,1,0
1,29082_b092,-4.012606,48.746493,1,0
3,29082_b092,-4.012578,48.746516,1,0
5,29082_b092,-4.012524,48.746552,1,0
7,29082_b092,-4.012306,48.746681,1,0
9,29082_b092,-4.012093,48.746784,1,0
11,29082_b092,-4.011951,48.746856,1,0
13,29082_b092,-4.01185,48.746899,1,0
15,29082_b092,-4.011519,48.747078,1,0
16,29082_b092,-4.011226,48.747105,1,0
17,29082_b092,-4.011352,48.747221,1,0
18,29082_b092,-4.011243,48.747243,1,0
19,29082_b092,-4.011405,48.74737,1,0
1,29082_vhkujz,-4.011499,48.747648,1,0
2,29082_vhkujz,-4.011229,48.747825,1,0
3,29082_vhkujz,-4.011425,48.747687,1,0
4,29082_vhkujz,-4.010862,48.747888,1,0
5,29082_vhkujz,-4.011336,48.748013,1,0
7,29082_vhkujz,-4.011361,48.74827,1,0
9,29082_vhkujz,-4.011283,48.748499,1,0
10,29082_vhkujz,-4.010185,48.748636,1,0
11,29082_vhkujz,-4.010982,48.748672,1,0
12,29082_vhkujz,-4.010115,48.748746,1,0
13,29082_vhkujz,-4.010933,48.748683,1,0
14,29082_vhkujz,-4.009881,48.748837,1,0
16,29082_vhkujz,-4.010076,48.748914,1,0
18,29082_vhkujz,-4.010277,48.748781,1,0
20,29082_vhkujz,-4.010756,48.748761,2,0
21,29082_vhkujz,-4.011163,48.749463,1,0
23,29082_vhkujz,-4.011133,48.749611,1,0
25,29082_vhkujz,-4.011124,48.749677,1,0
27,29082_vhkujz,-4.011357,48.749794,1,0
28,29082_vhkujz,-4.01061,48.750376,1,0
29,29082_vhkujz,-4.010833,48.750026,1,0
30,29082_vhkujz,-4.010255,48.750774,1,0
31,29082_vhkujz,-4.010766,48.750147,1,0
32,29082_vhkujz,-4.010172,48.750783,1,0
33,29082_vhkujz,-4.010712,48.750342,1,0
34,29082_vhkujz,-4.009892,48.75066,1,0
35,29082_vhkujz,-4.010666,48.750631,1,0
36,29082_vhkujz,-4.009713,48.750526,1,0
37,29082_vhkujz,-4.010492,48.750913,1,0
38,29082_vhkujz,-4.009792,48.750354,1,0
39,29082_vhkujz,-4.011213,48.750924,1,0
40,29082_vhkujz,-4.009584,48.750455,1,0
41,29082_vhkujz,-4.011646,48.750932,1,0
42,29082_vhkujz,-4.009514,48.750563,1,0
43,29082_vhkujz,-4.01053,48.751032,1,0
44,29082_vhkujz,-4.010304,48.750856,1,0
46,29082_vhkujz,-4.010366,48.751039,1,0
4,29082_wjy19b,-4.027304,48.746145,1,0
8,29082_wjy19b,-4.027503,48.746437,1,0
10,29082_wjy19b,-4.027644,48.746644,1,0
1,29082_ltkxrv,-4.00589,48.741549,1,0
2,29082_ltkxrv,-4.00587,48.74122,1,0
3,29082_ltkxrv,-4.005808,48.74136,1,0
5,29082_ltkxrv,-4.005609,48.741033,1,0
7,29082_ltkxrv,-4.005607,48.741054,1,0
1,29082_3eeoia,-4.016179,48.745096,1,0
3,29082_3eeoia,-4.016273,48.745068,1,0
5,29082_3eeoia,-4.015988,48.745165,1,0
7,29082_3eeoia,-4.01646,48.745381,1,0
8,29082_3eeoia,-4.015916,48.745183,1,0
9,29082_3eeoia,-4.016461,48.745373,1,0
10,29082_3eeoia,-4.015927,48.745234,1,0
11,29082_3eeoia,-4.016575,48.745401,1,0
12,29082_3eeoia,-4.015892,48.745355,1,0
13,29082_3eeoia,-4.016666,48.745412,1,0
14,29082_3eeoia,-4.016101,48.745277,1,0
15,29082_3eeoia,-4.016679,48.745558,1,0
16,29082_3eeoia,-4.016204,48.745347,1,0
17,29082_3eeoia,-4.016688,48.745519,1,0
18,29082_3eeoia,-4.016258,48.745521,1,0
19,29082_3eeoia,-4.016759,48.745455,1,0
20,29082_3eeoia,-4.015367,48.745591,4,0
21,29082_3eeoia,-4.016777,48.74543,1,0
22,29082_3eeoia,-4.016425,48.745628,1,0
24,29082_3eeoia,-4.016545,48.745587,4,0
25,29082_3eeoia,-4.016952,48.745442,1,0
26,29082_3eeoia,-4.016566,48.745671,1,0
27,29082_3eeoia,-4.01707,48.745464,2,0
28,29082_3eeoia,-4.016673,48.74573,1,0
29,29082_3eeoia,-4.017031,48.745619,1,0
30,29082_3eeoia,-4.016767,48.745764,4,0
32,29082_3eeoia,-4.016847,48.745736,1,0
33,29082_3eeoia,-4.017289,48.745536,1,0
34,29082_3eeoia,-4.016878,48.745791,6,0
35,29082_3eeoia,-4.017335,48.745405,1,0
36,29082_3eeoia,-4.017076,48.745723,1,0
37,29082_3eeoia,-4.017408,48.745318,1,0
38,29082_3eeoia,-4.017031,48.745789,1,0
40,29082_3eeoia,-4.016994,48.745908,1,0
41,29082_3eeoia,-4.017865,48.745489,1,0
42,29082_3eeoia,-4.016871,48.745978,2,0
43,29082_3eeoia,-4.017536,48.745365,1,0
44,29082_3eeoia,-4.016669,48.746352,1,0
45,29082_3eeoia,-4.017631,48.745341,1,0
47,29082_3eeoia,-4.017687,48.745308,1,0
49,29082_3eeoia,-4.017772,48.745282,1,0
1,29082_e3lajf,-4.032556,48.744798,1,0
2,29082_e3lajf,-4.0312,48.744975,1,0
3,29082_e3lajf,-4.031868,48.744288,1,0
4,29082_e3lajf,-4.031127,48.745044,1,0
6,29082_e3lajf,-4.030681,48.745265,1,0
8,29082_e3lajf,-4.030485,48.745184,1,0
10,29082_e3lajf,-4.030386,48.745194,1,0
1,29082_dxjgo5,-4.017704,48.744076,1,0
2,29082_dxjgo5,-4.01762,48.744216,1,0
3,29082_dxjgo5,-4.017718,48.744247,1,0
4,29082_dxjgo5,-4.017349,48.744335,1,0
7,29082_dxjgo5,-4.017867,48.744533,1,0
11,29082_dxjgo5,-4.01841,48.744793,1,0
13,29082_dxjgo5,-4.018523,48.74459,1,0
14,29082_dxjgo5,-4.017655,48.74439,1,0
16,29082_dxjgo5,-4.017696,48.744483,1,0
18,29082_dxjgo5,-4.01773,48.744526,1,0
20,29082_dxjgo5,-4.017789,48.744629,1,0
21,29082_dxjgo5,-4.018249,48.743885,1,0
22,29082_dxjgo5,-4.018026,48.744796,1,0
23,29082_dxjgo5,-4.018583,48.744264,1,0
25,29082_dxjgo5,-4.018601,48.744324,1,0
26,29082_dxjgo5,-4.017594,48.744982,1,0
27,29082_dxjgo5,-4.018621,48.74444,1,0
28,29082_dxjgo5,-4.017456,48.745053,1,0
29,29082_dxjgo5,-4.018527,48.744809,1,0
30,29082_dxjgo5,-4.017408,48.745075,1,0
32,29082_dxjgo5,-4.017655,48.745032,1,0
34,29082_dxjgo5,-4.018053,48.744923,1,0
36,29082_dxjgo5,-4.018153,48.744888,1,0
38,29082_dxjgo5,-4.018236,48.744855,1,0
42,29082_dxjgo5,-4.01844,48.74513,1,0
1,29082_cyw4iw,-4.016708,48.746465,1,0
4,29082_cyw4iw,-4.016226,48.746604,1,0
6,29082_cyw4iw,-4.016018,48.746721,1,0
8,29082_cyw4iw,-4.015625,48.746781,1,0
12,29082_cyw4iw,-4.016372,48.747472,1,0
14,29082_cyw4iw,-4.016509,48.747564,1,0
1,29082_b100,-4.005959,48.742253,1,0
3,29082_b100,-4.00575,48.742281,1,0
6,29082_b100,-4.005427,48.742265,1,0
8,29082_b100,-4.005212,48.742413,1,0
9,29082_b100,-4.00559,48.742586,1,0
11,29082_b100,-4.005472,48.742594,1,0
12,29082_b100,-4.004842,48.742534,1,0
13,29082_b100,-4.005262,48.742674,1,0
14,29082_b100,-4.004502,48.742633,1,0
15,29082_b100,-4.005187,48.742643,1,0
16,29082_b100,-4.003996,48.742543,1,0
17,29082_b100,-4.005014,48.742768,1,0
20,29082_b100,-4.004472,48.742698,1,0
21,29082_b100,-4.00439,48.742834,1,0
22,29082_b100,-4.004102,48.742795,1,0
23,29082_b100,-4.004062,48.742925,1,0
24,29082_b100,-4.003833,48.742891,1,0
25,29082_b100,-4.003871,48.742953,1,0
1,29082_nu9prn,-4.019028,48.742649,1,0
2,29082_nu9prn,-4.019392,48.742792,1,0
3,29082_nu9prn,-4.019305,48.74255,1,0
4,29082_nu9prn,-4.019629,48.742803,1,0
5,29082_nu9prn,-4.019463,48.74235,1,0
6,29082_nu9prn,-4.019468,48.742517,1,0
7,29082_nu9prn,-4.019466,48.742319,1,0
8,29082_nu9prn,-4.019754,48.742428,1,0
9,29082_nu9prn,-4.019706,48.742176,1,0
12,29082_nu9prn,-4.0205,48.74268,1,0
14,29082_nu9prn,-4.020585,48.74261,1,0
15,29082_nu9prn,-4.020592,48.742345,1,0
16,29082_nu9prn,-4.02091,48.742382,1,0
17,29082_nu9prn,-4.020964,48.742288,1,0
19,29082_nu9prn,-4.02146,48.74215,1,0
20,29082_nu9prn,-4.021794,48.742366,1,0
22,29082_nu9prn,-4.022061,48.742424,1,0
23,29082_nu9prn,-4.02197,48.741747,1,0
24,29082_nu9prn,-4.021881,48.742328,1,0
25,29082_nu9prn,-4.022267,48.74197,1,0
26,29082_nu9prn,-4.021846,48.742112,1,0
28,29082_nu9prn,-4.022039,48.742045,1,0
29,29082_nu9prn,-4.022705,48.741944,1,0
30,29082_nu9prn,-4.022493,48.742,1,0
31,29082_nu9prn,-4.023168,48.74195,1,0
32,29082_nu9prn,-4.023028,48.741993,1,0
41,29082_nu9prn,-4.021871,48.740806,1,0
4,29082_rjtnbi,-4.009151,48.744049,1,0
5,29082_rjtnbi,-4.009861,48.7441,1,0
6,29082_rjtnbi,-4.009307,48.744099,1,0
7,29082_rjtnbi,-4.010063,48.74422,1,0
9,29082_rjtnbi,-4.010342,48.744285,1,0
10,29082_rjtnbi,-4.00938,48.744409,1,0
11,29082_rjtnbi,-4.010379,48.74437,1,0
12,29082_rjtnbi,-4.009461,48.744623,1,0
13,29082_rjtnbi,-4.010267,48.744345,1,0
14,29082_rjtnbi,-4.009481,48.744762,1,0
15,29082_rjtnbi,-4.010019,48.74451,1,0
16,29082_rjtnbi,-4.009442,48.745012,1,0
17,29082_rjtnbi,-4.009782,48.744452,1,0
19,29082_rjtnbi,-4.00963,48.744604,1,0
23,29082_rjtnbi,-4.009557,48.744856,1,0
25,29082_rjtnbi,-4.009502,48.74509,1,0
29,29082_rjtnbi,-4.009448,48.745327,1,0
33,29082_rjtnbi,-4.009054,48.745684,1,0
4,29082_mqk6o8,-4.007814,48.740721,1,0
10,29082_mqk6o8,-4.006866,48.741235,1,0
12,29082_mqk6o8,-4.006945,48.741303,1,0
14,29082_mqk6o8,-4.00712,48.741486,1,0
16,29082_mqk6o8,-4.007172,48.741552,1,0
18,29082_mqk6o8,-4.007225,48.741586,1,0
20,29082_mqk6o8,-4.007288,48.741643,1,0
22,29082_mqk6o8,-4.00731,48.741717,1,0
24,29082_mqk6o8,-4.007459,48.741856,4,0
26,29082_mqk6o8,-4.007602,48.741987,1,0
28,29082_mqk6o8,-4.007424,48.742081,1,0
30,29082_mqk6o8,-4.00769,48.742096,2,0
32,29082_mqk6o8,-4.007805,48.74219,1,0
34,29082_mqk6o8,-4.007796,48.742227,1,0
36,29082_mqk6o8,-4.00791,48.742325,1,0
38,29082_mqk6o8,-4.007967,48.742377,1,0
40,29082_mqk6o8,-4.008231,48.742604,1,0
44,29082_mqk6o8,-4.008413,48.742735,1,0
46,29082_mqk6o8,-4.008536,48.742839,1,0
48,29082_mqk6o8,-4.00862,48.742902,1,0
52,29082_mqk6o8,-4.008806,48.743124,1,0
54,29082_mqk6o8,-4.009019,48.74322,1,0
55,29082_mqk6o8,-4.009216,48.743357,1,0
56,29082_mqk6o8,-4.009116,48.74333,1,0
1,29082_fzqks9,-4.027581,48.744991,1,0
2,29082_fzqks9,-4.027458,48.745009,4,0
3,29082_fzqks9,-4.027244,48.745049,1,0
4,29082_fzqks9,-4.027167,48.745081,4,0
5,29082_fzqks9,-4.027459,48.745252,1,0
6,29082_fzqks9,-4.027555,48.74523,2,0
7,29082_fzqks9,-4.027677,48.745189,1,0
11,29082_fzqks9,-4.027304,48.745401,1,0
12,29082_fzqks9,-4.026841,48.74564,1,0
13,29082_fzqks9,-4.026721,48.745139,1,0
14,29082_fzqks9,-4.025951,48.745026,1,0
16,29082_fzqks9,-4.026405,48.74504,6,0
18,29082_fzqks9,-4.026758,48.745039,1,0
20,29082_fzqks9,-4.027196,48.744886,1,0
22,29082_fzqks9,-4.027405,48.744858,4,0
2,29082_6d0stu,-4.008758,48.743847,1,0
3,29082_6d0stu,-4.008415,48.743814,1,0
4,29082_6d0stu,-4.008864,48.743622,1,0
5,29082_6d0stu,-4.008142,48.743726,4,0
6,29082_6d0stu,-4.008201,48.743651,1,0
7,29082_6d0stu,-4.007967,48.743647,1,0
8,29082_6d0stu,-4.008059,48.743599,8,0
9,29082_6d0stu,-4.007817,48.743607,1,0
11,29082_6d0stu,-4.007669,48.743544,1,0
12,29082_6d0stu,-4.007558,48.743449,1,0
13,29082_6d0stu,-4.007424,48.743475,1,0
15,29082_6d0stu,-4.00717,48.743572,1,0
17,29082_6d0stu,-4.007219,48.743425,1,0
19,29082_6d0stu,-4.006885,48.743295,1,0
21,29082_6d0stu,-4.006721,48.743121,1,0
22,29082_6d0stu,-4.006696,48.742879,1,0
23,29082_6d0stu,-4.006569,48.742946,1,0
24,29082_6d0stu,-4.006628,48.742813,1,0
25,29082_6d0stu,-4.006531,48.742857,1,0
26,29082_6d0stu,-4.006485,48.742697,1,0
27,29082_6d0stu,-4.006497,48.74283,1,0
29,29082_6d0stu,-4.006342,48.742651,1,0
30,29082_6d0stu,-4.006268,48.742504,1,0
31,29082_6d0stu,-4.006124,48.742453,1,0
32,29082_6d0stu,-4.006161,48.742392,1,0
34,29082_6d0stu,-4.00621,48.742094,1,0
35,29082_6d0stu,-4.005986,48.742117,1,0
36,29082_6d0stu,-4.006236,48.741964,1,0
37,29082_6d0stu,-4.006094,48.741804,1,0
38,29082_6d0stu,-4.006334,48.741741,1,0
39,29082_6d0stu,-4.006248,48.741483,1,0
41,29082_6d0stu,-4.0062,48.741334,1,0
42,29082_6d0stu,-4.006458,48.741602,1,0
43,29082_6d0stu,-4.006242,48.741295,1,0
44,29082_6d0stu,-4.006644,48.741495,1,0
45,29082_6d0stu,-4.006344,48.741311,1,0
47,29082_6d0stu,-4.006376,48.741467,1,0
49,29082_6d0stu,-4.006531,48.74145,1,0
1,29082_b104,-4.028459,48.74829,1,0
3,29082_b104,-4.02838,48.748309,1,0
5,29082_b104,-4.028133,48.748323,1,0
7,29082_b104,-4.027799,48.74851,1,0
9,29082_b104,-4.027738,48.748553,1,0
11,29082_b104,-4.026735,48.749114,1,0
1,29082_jy55yi,-4.015592,48.743273,1,0
2,29082_jy55yi,-4.015787,48.743293,1,0
3,29082_jy55yi,-4.015642,48.743199,1,0
4,29082_jy55yi,-4.015906,48.743238,1,0
5,29082_jy55yi,-4.015801,48.743202,1,0
6,29082_jy55yi,-4.015986,48.743203,1,0
7,29082_jy55yi,-4.015942,48.743103,1,0
8,29082_jy55yi,-4.016153,48.743201,1,0
9,29082_jy55yi,-4.015866,48.743054,1,0
10,29082_jy55yi,-4.016224,48.743171,1,0
1,29082_b023,-4.020847,48.749573,1,0
2,29082_b023,-4.020063,48.749099,1,0
3,29082_b023,-4.020541,48.749751,1,0
5,29082_b023,-4.021165,48.750255,1,0
7,29082_b023,-4.02167,48.750506,1,0
1,29082_b028,-4.029399,48.745552,1,0
3,29082_b028,-4.028415,48.745439,2,0
5,29082_b028,-4.027782,48.745403,1,0
7,29082_b028,-4.027371,48.746029,1,0
9,29082_b028,-4.027731,48.746626,1,0
11,29082_b028,-4.028498,48.746588,1,0
5,29082_b031,-4.017541,48.746166,1,0
6,29082_b031,-4.017173,48.746473,1,0
7,29082_b031,-4.017858,48.746164,1,0
8,29082_b031,-4.016801,48.74624,1,0
10,29082_b031,-4.017068,48.74614,1,0
12,29082_b031,-4.017175,48.746154,1,0
14,29082_b031,-4.017395,48.746188,1,0
2,29082_b037,-4.029832,48.744429,1,0
4,29082_b037,-4.029971,48.744349,1,0
6,29082_b037,-4.029715,48.743918,1,0
8,29082_b037,-4.02988,48.743695,1,0
10,29082_b037,-4.029935,48.743648,1,0
16,29082_b037,-4.030457,48.743978,1,0
18,29082_b037,-4.030639,48.744018,1,0
20,29082_b037,-4.030945,48.744275,1,0
22,29082_b037,-4.031467,48.743902,1,0
24,29082_b037,-4.031702,48.743958,1,0
26,29082_b037,-4.030977,48.744578,1,0
1,29082_b043,-4.019813,48.748738,1,0
3,29082_b043,-4.01978,48.748715,1,0
5,29082_b043,-4.020751,48.748916,1,0
2,29082_b052,-4.002735,48.744857,1,0
3,29082_b052,-4.003412,48.745494,1,0
6,29082_b052,-4.003611,48.746396,1,0
2,29082_b074,-4.018639,48.744973,1,0
3,29082_b074,-4.019072,48.744873,1,0
4,29082_b074,-4.018941,48.744952,1,0
6,29082_b074,-4.019322,48.74481,1,0
8,29082_b074,-4.019458,48.744757,2,0
9,29082_b074,-4.019622,48.744586,1,0
10,29082_b074,-4.019688,48.744673,1,0
11,29082_b074,-4.019992,48.74453,1,0
13,29082_b074,-4.020171,48.74446,1,0
15,29082_b074,-4.020267,48.744433,1,0
17,29082_b074,-4.020317,48.744392,1,0
19,29082_b074,-4.020336,48.744368,1,0
21,29082_b074,-4.020499,48.744274,1,0
23,29082_b074,-4.020571,48.744224,1,0
25,29082_b074,-4.020641,48.744193,1,0
27,29082_b074,-4.020733,48.744147,1,0
37,29082_b074,-4.021068,48.744056,1,0
39,29082_b074,-4.02114,48.744015,1,0
40,29082_b074,-4.021307,48.744054,1,0
41,29082_b074,-4.021238,48.743994,1,0
42,29082_b074,-4.021482,48.743882,1,0
43,29082_b074,-4.021391,48.743809,1,0
44,29082_b074,-4.021657,48.743803,1,0
46,29082_b074,-4.021835,48.743789,1,0
55,29082_b074,-4.021857,48.743692,1,0
57,29082_b074,-4.021773,48.743283,1,0
59,29082_b074,-4.022115,48.74356,1,0
60,29082_b074,-4.022375,48.743563,1,0
61,29082_b074,-4.022302,48.743446,1,0
62,29082_b074,-4.022606,48.743435,1,0
63,29082_b074,-4.022446,48.743363,1,0
64,29082_b074,-4.022876,48.743313,1,0
70,29082_b074,-4.023307,48.743453,1,0
71,29082_b074,-4.022965,48.743203,1,0
72,29082_b074,-4.023417,48.743371,2,0
74,29082_b074,-4.023526,48.743278,1,0
75,29082_b074,-4.02353,48.743079,1,0
76,29082_b074,-4.023654,48.743126,1,0
77,29082_b074,-4.023955,48.742875,1,0
1,29082_b055,-3.993333,48.740349,2,0
3,29082_b055,-3.9928,48.74059,1,0
1,29082_b056,-3.995596,48.742136,1,0
2,29082_b056,-3.995774,48.741868,1,0
3,29082_b056,-3.994912,48.742297,1,0
4,29082_b056,-3.994978,48.741689,1,0
5,29082_b056,-3.99435,48.742161,1,0
7,29082_b056,-3.994096,48.742104,1,0
9,29082_b056,-3.994074,48.742224,1,0
3,29082_5qy0dp,-4.005088,48.741793,1,0
5,29082_5qy0dp,-4.004897,48.741822,1,0
7,29082_5qy0dp,-4.004741,48.74188,1,0
9,29082_5qy0dp,-4.004642,48.741961,1,0
10,29082_5qy0dp,-4.003665,48.742393,1,0
11,29082_5qy0dp,-4.00378,48.742484,1,0
14,29082_5qy0dp,-4.00287,48.742445,1,0
15,29082_5qy0dp,-4.003235,48.74257,1,0
20,29082_5qy0dp,-4.002182,48.742025,1,0
21,29082_5qy0dp,-4.002551,48.742268,1,0
22,29082_5qy0dp,-4.002135,48.741833,1,0
23,29082_5qy0dp,-4.00212,48.742097,1,0
24,29082_5qy0dp,-4.001995,48.742075,1,0
26,29082_5qy0dp,-4.001744,48.742058,1,0
28,29082_5qy0dp,-4.00166,48.742079,1,0
30,29082_5qy0dp,-4.00126,48.742009,1,0
40,29082_5qy0dp,-4.001057,48.741436,1,0
2,29082_n77iwv,-4.017868,48.743777,6,0
4,29082_n77iwv,-4.018138,48.743714,1,0
5,29082_n77iwv,-4.017757,48.743307,4,0
6,29082_n77iwv,-4.018102,48.74365,1,0
7,29082_n77iwv,-4.017538,48.743115,4,0
8,29082_n77iwv,-4.018339,48.743522,1,0
9,29082_n77iwv,-4.017457,48.743155,2,0
10,29082_n77iwv,-4.018064,48.743573,1,0
11,29082_n77iwv,-4.017329,48.743207,1,0
12,29082_n77iwv,-4.017967,48.743561,4,0
14,29082_n77iwv,-4.017893,48.743601,1,0
15,29082_n77iwv,-4.01725,48.742853,1,0
16,29082_n77iwv,-4.017894,48.743409,1,0
17,29082_n77iwv,-4.016988,48.74294,1,0
18,29082_n77iwv,-4.017802,48.743251,1,0
19,29082_n77iwv,-4.016778,48.743031,1,0
20,29082_n77iwv,-4.017625,48.742934,2,0
21,29082_n77iwv,-4.016384,48.743018,1,0
22,29082_n77iwv,-4.017666,48.742816,1,0
23,29082_n77iwv,-4.016337,48.743029,1,0
24,29082_n77iwv,-4.017701,48.742753,1,0
26,29082_n77iwv,-4.017789,48.742658,1,0
28,29082_n77iwv,-4.017959,48.742511,1,0
2,29082_b060,-4.010719,48.744412,1,0
3,29082_b060,-4.010807,48.744155,1,0
4,29082_b060,-4.010921,48.744449,1,0
5,29082_b060,-4.010745,48.74413,1,0
6,29082_b060,-4.011011,48.744456,1,0
7,29082_b060,-4.010586,48.744112,1,0
8,29082_b060,-4.011145,48.744467,1,0
9,29082_b060,-4.011207,48.744411,1,0
10,29082_b060,-4.011253,48.744499,1,0
16,29082_b060,-4.011971,48.744478,1,0
17,29082_b060,-4.012116,48.74441,1,0
18,29082_b060,-4.012022,48.744472,1,0
20,29082_b060,-4.012119,48.744467,1,0
22,29082_b060,-4.012263,48.744466,2,0
24,29082_b060,-4.012564,48.744483,1,0
26,29082_b060,-4.012877,48.7446,1,0
28,29082_b060,-4.01291,48.744675,1,0
32,29082_b060,-4.012883,48.74479,1,0
34,29082_b060,-4.012997,48.744964,1,0
38,29082_b060,-4.01317,48.745006,1,0
40,29082_b060,-4.013144,48.744966,1,0
42,29082_b060,-4.013102,48.744794,1,0
46,29082_b060,-4.01326,48.74458,1,0
48,29082_b060,-4.01335,48.744505,1,0
50,29082_b060,-4.013498,48.744513,1,0
52,29082_b060,-4.013647,48.744502,1,0
56,29082_b060,-4.013841,48.744462,1,0
58,29082_b060,-4.013976,48.74443,1,0
60,29082_b060,-4.0142,48.744381,1,0
62,29082_b060,-4.014497,48.744333,1,0
64,29082_b060,-4.014722,48.74454,1,0
66,29082_b060,-4.014986,48.744341,1,0
68,29082_b060,-4.015142,48.74433,1,0
70,29082_b060,-4.015207,48.744011,1,0
72,29082_b060,-4.015282,48.743952,1,0
74,29082_b060,-4.015365,48.743915,1,0
76,29082_b060,-4.015373,48.743888,1,0
3,29082_b061,-4.006282,48.748487,2,0
5,29082_b061,-4.006152,48.748177,1,0
7,29082_b061,-4.006012,48.747998,1,0
9,29082_b061,-4.005842,48.747824,1,0
10,29082_b061,-4.005728,48.747599,1,0
11,29082_b061,-4.005636,48.747663,1,0
12,29082_b061,-4.005389,48.747567,1,0
13,29082_b061,-4.005448,48.747725,1,0
14,29082_b061,-4.005209,48.747573,1,0
15,29082_b061,-4.005415,48.747673,1,0
16,29082_b061,-4.004954,48.747421,1,0
17,29082_b061,-4.005407,48.747624,1,0
18,29082_b061,-4.004047,48.746908,1,0
21,29082_b061,-4.004971,48.748296,1,0
23,29082_b061,-4.004998,48.748327,1,0
1,29082_lbg3zh,-4.033551,48.743317,1,0
1,29082_b067,-4.018269,48.742211,1,0
2,29082_b067,-4.018103,48.742101,6,0
3,29082_b067,-4.018268,48.742086,1,0
4,29082_b067,-4.018235,48.741931,8,0
5,29082_b067,-4.018288,48.742003,1,0
6,29082_b067,-4.018433,48.741659,1,0
8,29082_b067,-4.01839,48.741422,4,0
9,29082_b067,-4.018654,48.741369,1,0
10,29082_b067,-4.018255,48.74133,1,0
11,29082_b067,-4.018311,48.741308,3,0
13,29082_b067,-4.018359,48.74097,1,0
14,29082_b067,-4.01817,48.741188,6,0
15,29082_b067,-4.018457,48.740922,1,0
16,29082_b067,-4.017905,48.741223,4,0
17,29082_b067,-4.018864,48.741066,1,0
18,29082_b067,-4.018081,48.741113,2,0
19,29082_b067,-4.01878,48.740877,1,0
20,29082_b067,-4.017664,48.740972,4,0
21,29082_b067,-4.018894,48.74081,1,0
22,29082_b067,-4.017666,48.740923,4,0
23,29082_b067,-4.018816,48.740801,1,0
25,29082_b067,-4.018831,48.740689,1,0
26,29082_b067,-4.018501,48.740768,6,0
27,29082_b067,-4.019191,48.740661,1,0
28,29082_b067,-4.018653,48.740681,1,0
29,29082_b067,-4.019356,48.740558,4,0
30,29082_b067,-4.018918,48.740619,1,0
31,29082_b067,-4.019685,48.740399,2,0
40,29082_b067,-4.018958,48.739935,1,0
42,29082_b067,-4.018454,48.740021,1,0
44,29082_b067,-4.017827,48.740354,1,0
50,29082_b067,-4.017527,48.738956,1,0
1,29082_0718,-4.001693,48.743019,1,0
3,29082_0718,-4.001415,48.742964,1,0
4,29082_0718,-4.001059,48.742821,1,0
5,29082_0718,-4.001093,48.742945,1,0
6,29082_0718,-4.000975,48.74279,1,0
7,29082_0718,-4.000829,48.742894,1,0
8,29082_0718,-4.000725,48.742772,1,0
9,29082_0718,-4.000673,48.742854,1,0
10,29082_0718,-4.00054,48.742737,1,0
14,29082_0718,-4.000066,48.742626,1,0
15,29082_0718,-3.999972,48.742696,1,0
17,29082_0718,-3.999875,48.742675,1,0
19,29082_0718,-3.999719,48.742629,1,0
20,29082_0718,-3.999636,48.742531,1,0
21,29082_0718,-3.999503,48.742585,1,0
22,29082_0718,-3.999417,48.742466,1,0
23,29082_0718,-3.999455,48.742571,1,0
24,29082_0718,-3.999222,48.742421,1,0
25,29082_0718,-3.999344,48.74265,1,0
26,29082_0718,-3.999092,48.742395,1,0
27,29082_0718,-3.99911,48.742498,1,0
28,29082_0718,-3.998661,48.742295,1,0
30,29082_0718,-3.998438,48.742258,1,0
32,29082_0718,-3.997863,48.742211,1,0
34,29082_0718,-3.997637,48.742179,1,0
36,29082_0718,-3.996906,48.742046,1,0
2,29082_0700,-4.010013,48.744584,1,0
4,29082_0700,-4.010238,48.744711,1,0
5,29082_0700,-4.010542,48.744822,1,0
6,29082_0700,-4.010381,48.744818,1,0
7,29082_0700,-4.010908,48.744758,1,0
8,29082_0700,-4.010513,48.744908,1,0
9,29082_0700,-4.010818,48.744851,1,0
10,29082_0700,-4.010706,48.745033,1,0
11,29082_0700,-4.01077,48.744946,1,0
12,29082_0700,-4.010868,48.745144,1,0
13,29082_0700,-4.010908,48.745024,1,0
14,29082_0700,-4.01096,48.745194,1,0
16,29082_0700,-4.011046,48.745242,1,0
18,29082_0700,-4.010839,48.745494,1,0
20,29082_0700,-4.010841,48.745573,1,0
24,29082_0700,-4.011441,48.745367,1,0
26,29082_0700,-4.011666,48.745369,1,0
28,29082_0700,-4.011775,48.745356,1,0
30,29082_0700,-4.012163,48.745356,1,0
32,29082_0700,-4.012295,48.745356,1,0
34,29082_0700,-4.012465,48.745382,1,0
36,29082_0700,-4.012649,48.745378,1,0
38,29082_0700,-4.012994,48.745365,1,0
1,29082_xqeoh5,-4.005664,48.741728,1,0
2,29082_xqeoh5,-4.005505,48.741389,1,0
3,29082_xqeoh5,-4.005511,48.741767,1,0
4,29082_xqeoh5,-4.00559,48.741673,1,0
5,29082_xqeoh5,-4.005397,48.741915,1,0
7,29082_xqeoh5,-4.005024,48.742212,1,0
9,29082_xqeoh5,-4.004724,48.742184,1,0
1,29082_uwwtq2,-4.015276,48.74432,1,0
2,29082_uwwtq2,-4.014961,48.744419,1,0
5,29082_uwwtq2,-4.015649,48.744359,1,0
6,29082_uwwtq2,-4.01526,48.744386,1,0
7,29082_uwwtq2,-4.015836,48.744334,1,0
8,29082_uwwtq2,-4.015365,48.744365,1,0
9,29082_uwwtq2,-4.015941,48.744312,1,0
10,29082_uwwtq2,-4.015676,48.744426,1,0
11,29082_uwwtq2,-4.016113,48.744311,1,0
12,29082_uwwtq2,-4.015763,48.744412,1,0
13,29082_uwwtq2,-4.016341,48.744269,1,0
14,29082_uwwtq2,-4.015979,48.744409,1,0
15,29082_uwwtq2,-4.016488,48.744211,1,0
16,29082_uwwtq2,-4.016135,48.744387,1,0
17,29082_uwwtq2,-4.016888,48.744067,1,0
18,29082_uwwtq2,-4.016351,48.744325,1,0
19,29082_uwwtq2,-4.01686,48.743946,1,0
20,29082_uwwtq2,-4.016499,48.744282,1,0
21,29082_uwwtq2,-4.016853,48.743876,1,0
22,29082_uwwtq2,-4.016639,48.744236,1,0
23,29082_uwwtq2,-4.016765,48.743754,1,0
24,29082_uwwtq2,-4.016887,48.744168,1,0
25,29082_uwwtq2,-4.016643,48.743899,1,0
26,29082_uwwtq2,-4.01718,48.744091,1,0
27,29082_uwwtq2,-4.016693,48.743665,1,0
28,29082_uwwtq2,-4.017371,48.744047,1,0
29,29082_uwwtq2,-4.016544,48.743681,1,0
30,29082_uwwtq2,-4.017709,48.743792,1,0
31,29082_uwwtq2,-4.016648,48.743624,1,0
33,29082_uwwtq2,-4.016561,48.743548,1,0
34,29082_uwwtq2,-4.017,48.744013,1,0
36,29082_uwwtq2,-4.016918,48.743824,1,0
39,29082_uwwtq2,-4.016712,48.743549,1,0
40,29082_uwwtq2,-4.016873,48.743728,1,0
41,29082_uwwtq2,-4.016882,48.743431,1,0
42,29082_uwwtq2,-4.016894,48.743492,1,0
44,29082_uwwtq2,-4.017,48.743398,1,0
1,29082_1kreye,-4.011723,48.745675,1,0
4,29082_1kreye,-4.011112,48.745865,1,0
5,29082_1kreye,-4.012223,48.745979,1,0
6,29082_1kreye,-4.011164,48.745902,1,0
7,29082_1kreye,-4.012285,48.746022,1,0
8,29082_1kreye,-4.01154,48.745671,1,0
10,29082_1kreye,-4.011648,48.745737,1,0
11,29082_1kreye,-4.01239,48.74618,1,0
12,29082_1kreye,-4.011741,48.745817,1,0
13,29082_1kreye,-4.012481,48.746216,1,0
14,29082_1kreye,-4.012209,48.746209,1,0
1,29082_b071,-4.000862,48.744006,1,0
3,29082_b071,-4.000405,48.7439,1,0
5,29082_b071,-4.000157,48.743911,1,0
7,29082_b071,-3.999682,48.743916,1,0
1,29082_7u00l7,-4.027859,48.743284,1,0
4,29082_7u00l7,-4.02507,48.743134,1,0
8,29082_7u00l7,-4.02606,48.743413,1,0
10,29082_7u00l7,-4.027638,48.743904,1,0
12,29082_7u00l7,-4.02779,48.743866,1,0
14,29082_7u00l7,-4.027908,48.743846,1,0
16,29082_7u00l7,-4.02797,48.743836,1,0
18,29082_7u00l7,-4.02801,48.743739,1,0
20,29082_7u00l7,-4.028098,48.743648,1,0
22,29082_7u00l7,-4.028243,48.743664,1,0
26,29082_7u00l7,-4.028511,48.74366,1,0
28,29082_7u00l7,-4.029257,48.74361,1,0
1,29082_ohv548,-4.013944,48.745272,1,0
2,29082_ohv548,-4.013878,48.745393,1,0
3,29082_ohv548,-4.013953,48.745251,1,0
4,29082_ohv548,-4.014196,48.745336,1,0
5,29082_ohv548,-4.014294,48.745224,1,0
6,29082_ohv548,-4.014461,48.745252,1,0
7,29082_ohv548,-4.014609,48.745129,1,0
8,29082_ohv548,-4.014635,48.745208,1,0
9,29082_ohv548,-4.014883,48.74503,1,0
11,29082_ohv548,-4.015004,48.744994,1,0
13,29082_ohv548,-4.015132,48.744797,1,0
17,29082_ohv548,-4.014877,48.744785,1,0
19,29082_ohv548,-4.015014,48.744586,1,0
21,29082_ohv548,-4.014994,48.744571,1,0
23,29082_ohv548,-4.014988,48.744561,1,0
25,29082_ohv548,-4.014974,48.744552,1,0
27,29082_ohv548,-4.015016,48.744527,1,0
28,29082_ohv548,-4.014865,48.745207,1,0
29,29082_ohv548,-4.015063,48.744558,1,0
30,29082_ohv548,-4.014986,48.74507,1,0
31,29082_ohv548,-4.01512,48.744603,1,0
32,29082_ohv548,-4.015087,48.745062,1,0
33,29082_ohv548,-4.015224,48.744688,1,0
34,29082_ohv548,-4.015174,48.745018,1,0
35,29082_ohv548,-4.015252,48.744776,1,0
36,29082_ohv548,-4.015197,48.74501,1,0
37,29082_ohv548,-4.015309,48.744826,1,0
38,29082_ohv548,-4.015228,48.744998,1,0
40,29082_ohv548,-4.015269,48.744976,1,0
41,29082_ohv548,-4.015627,48.744817,1,0
42,29082_ohv548,-4.015366,48.744926,1,0
43,29082_ohv548,-4.015795,48.744795,1,0
45,29082_ohv548,-4.015913,48.744734,1,0
46,29082_ohv548,-4.015514,48.744897,1,0
49,29082_ohv548,-4.015918,48.744745,1,0
51,29082_ohv548,-4.015939,48.744851,1,0
53,29082_ohv548,-4.015881,48.744895,1,0
